city,Gini_coefficient,Population,Residential_Area,Residential_Area_Percapita,Commercial_Area,Commercial_Area_Percapita,Public service_Area,Public service_Area_Percapita,Public health_Area,Public health_Area_Percapita,Sport and art_Area,Sport and art_Area_Percapita,Educational_Area,Educational_Area_Percapita,Industrial_Area,Industrial_Area_Percapita,Administrative_Area,Administrative_Area_Percapita
Jiaxing,0.4113662505721126,5475137,64513350.61947562,11.782965543962757,9012248.77578688,1.646031647388345,83951.84106235887,0.015333285918207868,359032.1834397568,0.06557501363705727,2101406.083507285,0.38380885875682835,19471600.528377935,3.5563677271231633,100987997.74157147,18.444834849168426,166557.17405128386,0.030420640442656296
